reservation ID,courseCode,name,userName
gym001,C001,Xin Cheng,member01
gym002,S002,Jie Li,member02
gym003,Y003,Yiqing Huang,member03
gym004,P004,Mason Clark,member04
gym005,B005,Aria Robinson,member05
gym006,H006,Leo Turner,member06
gym007,Z007,Mia Hall,member07
gym008,T008,Noah Turner,member08
gym009,K009,Lily Garcia,member09
gym010,A010,Evan Smith,member10
gym011,X011,Ava White,member11
gym012,P012,Liam Thompson,member12
gym013,S013,Mia Davis,member13
gym014,F014,Owen Martin,member14
gym015,M015,Sophia Lewis,member15
gym016,A016,Jackson Clark,member16
gym017,C017,Aria Turner,member17
gym018,R018,Oliver Brown,member18
gym019,B019,Amelia Anderson,member19
gym020,T020,Harper White,member20
gym021,S021,Ethan Hall,member21
gym022,Y022,Scarlett Miller,member22
gym023,H023,Samuel Robinson,member23
gym024,G024,Grace Taylor,member24
gym025,P025,Benjamin Wilson,member25
gym026,L026,Victoria Turner,member26
gym027,C027,Leo Hall,member27
gym028,S028,Stella Davis,member28
gym029,J029,Nathan Clark,member29
gym030,B030,Zoe Turner,member30
gym031,C001,William Brown,member31
gym032,S002,Ava Anderson,member32
gym033,Y003,Elijah White,member33
gym034,P004,Penelope Taylor,member34
gym035,B005,James Robinson,member35
gym036,H006,Lily Miller,member36
gym037,Z007,Mason Brown,member37
gym038,T008,Olivia Wilson,member38
gym039,K009,Jackson Taylor,member39
gym040,A010,Amelia Davis,member40
gym041,X011,Benjamin Smith,member41
gym042,P012,Sophia Hall,member42
gym043,S013,Olivia Smith,member43
gym044,F014,Xin Cheng,member01
gym045,M015,Jie Li,member02
gym046,A016,Yiqing Huang,member03
gym047,C017,Mason Clark,member04
gym048,R018,Aria Robinson,member05
gym049,B019,Leo Turner,member06
gym050,T020,Mia Hall,member07