order,userName,name,email,password,role
1,admin1,John Doe,john.doe@email.com,adminPass01,Admin
2,admin2,Jane Smith,jane.smith@email.com,adminPass02,Admin
3,admin3,Bob Johnson,bob.johnson@email.com,adminPass03,Admin
4,admin4,Emily Davis,emily.davis@email.com,adminPass04,Admin
5,admin5,Alex Wilson,alex.wilson@email.com,adminPass05,Admin
6,admin6,Sarah Miller,sarah.miller@email.com,adminPass06,Admin
7,admin7,Ryan Brown,ryan.brown@email.com,adminPass07,Admin
8,admin8,Olivia White,olivia.white@email.com,adminPass08,Admin
9,admin9,Ethan Taylor,ethan.taylor@email.com,adminPass09,Admin
10,admin10,Chloe Anderson,chloe.anderson@email.com,adminPass10,Admin
11,member01,Xin Cheng,cheng.xin@gmail.com,memberPass01,Member
12,member02,Jie Li,li.jie@email.com,memberPass02,Member
13,member03,Yiqing Huang,huang.yiqing@email.com,memberPass03,Member
14,member04,Mason Clark,mason.clark@email.com,memberPass04,Member
15,member05,Aria Robinson,aria.robinson@email.com,memberPass05,Member
16,member06,Leo Turner,leo.turner@email.com,memberPass06,Member
17,member07,Mia Hall,mia.hall@email.com,memberPass07,Member
18,member08,Noah Turner,noah.turner@email.com,memberPass08,Member
19,member09,Lily Garcia,lily.garcia@email.com,memberPass09,Member
20,member10,Evan Smith,evan.smith@email.com,memberPass10,Member
21,member11,Ava White,ava.white@email.com,memberPass11,Member
22,member12,Liam Thompson,liam.thompson@email.com,memberPass12,Member
23,member13,Mia Davis,mia.davis@email.com,memberPass13,Member
24,member14,Owen Martin,owen.martin@email.com,memberPass14,Member
25,member15,Sophia Lewis,sophia.lewis@email.com,memberPass15,Member
26,member16,Jackson Clark,jackson.clark@email.com,memberPass16,Member
27,member17,Aria Turner,aria.turner@email.com,memberPass17,Member
28,member18,Oliver Brown,oliver.brown@email.com,memberPass18,Member
29,member19,Amelia Anderson,amelia.anderson@email.com,memberPass19,Member
30,member20,Harper White,harper.white@email.com,memberPass20,Member
31,member21,Ethan Hall,ethan.hall@email.com,memberPass21,Member
32,member22,Scarlett Miller,scarlett.miller@email.com,memberPass22,Member
33,member23,Samuel Robinson,samuel.robinson@email.com,memberPass23,Member
34,member24,Grace Taylor,grace.taylor@email.com,memberPass24,Member
35,member25,Benjamin Wilson,benjamin.wilson@email.com,memberPass25,Member
36,member26,Victoria Turner,victoria.turner@email.com,memberPass26,Member
37,member27,Leo Hall,leo.hall@email.com,memberPass27,Member
38,member28,Stella Davis,stella.davis@email.com,memberPass28,Member
39,member29,Nathan Clark,nathan.clark@email.com,memberPass29,Member
40,member30,Zoe Turner,zoe.turner@email.com,memberPass30,Member
41,member31,William Brown,william.brown@email.com,memberPass31,Member
42,member32,Ava Anderson,ava.anderson@email.com,memberPass32,Member
43,member33,Elijah White,elijah.white@email.com,memberPass33,Member
44,member34,Penelope Taylor,penelope.taylor@email.com,memberPass34,Member
45,member35,James Robinson,james.robinson@email.com,memberPass35,Member
46,member36,Lily Miller,lily.miller@email.com,memberPass36,Member
47,member37,Mason Brown,mason.brown@email.com,memberPass37,Member
48,member38,Olivia Wilson,olivia.wilson@email.com,memberPass38,Member
49,member39,Jackson Taylor,jackson.taylor@email.com,memberPass39,Member
50,member40,Amelia Davis,amelia.davis@email.com,memberPass40,Member
51,member41,Benjamin Smith,benjamin.smith@email.com,memberPass41,Member
52,member42,Sophia Hall,sophia.hall@email.com,memberPass42,Member
53,member43,Olivia Smith,olivia.smith@email.com,memberPass43,Member